--
-- PostgreSQL database dump
--

-- Dumped from database version 14.2
-- Dumped by pg_dump version 14.2

-- Started on 2022-05-03 15:07:57

SET statement_timeout = 0;
SET lock_timeout = 0;
SET idle_in_transaction_session_timeout = 0;
SET client_encoding = 'UTF8';
SET standard_conforming_strings = on;
SELECT pg_catalog.set_config('search_path', '', false);
SET check_function_bodies = false;
SET xmloption = content;
SET client_min_messages = warning;
SET row_security = off;

SET default_tablespace = '';

SET default_table_access_method = heap;

--
-- TOC entry 211 (class 1259 OID 16428)
-- Name: customers; Type: TABLE; Schema: public; Owner: postgres
--

CREATE TABLE public.customers (
    id integer NOT NULL,
    first_name character(20),
    last_name character(20)
);


ALTER TABLE public.customers OWNER TO postgres;

--
-- TOC entry 210 (class 1259 OID 16427)
-- Name: cusomers_id_seq; Type: SEQUENCE; Schema: public; Owner: postgres
--

CREATE SEQUENCE public.cusomers_id_seq
    AS integer
    START WITH 1
    INCREMENT BY 1
    NO MINVALUE
    NO MAXVALUE
    CACHE 1;


ALTER TABLE public.cusomers_id_seq OWNER TO postgres;

--
-- TOC entry 3330 (class 0 OID 0)
-- Dependencies: 210
-- Name: cusomers_id_seq; Type: SEQUENCE OWNED BY; Schema: public; Owner: postgres
--

ALTER SEQUENCE public.cusomers_id_seq OWNED BY public.customers.id;


--
-- TOC entry 213 (class 1259 OID 16436)
-- Name: products; Type: TABLE; Schema: public; Owner: postgres
--

CREATE TABLE public.products (
    id integer NOT NULL,
    product_name character(20),
    cost integer
);


ALTER TABLE public.products OWNER TO postgres;

--
-- TOC entry 212 (class 1259 OID 16435)
-- Name: products_id_seq; Type: SEQUENCE; Schema: public; Owner: postgres
--

CREATE SEQUENCE public.products_id_seq
    AS integer
    START WITH 1
    INCREMENT BY 1
    NO MINVALUE
    NO MAXVALUE
    CACHE 1;


ALTER TABLE public.products_id_seq OWNER TO postgres;

--
-- TOC entry 3331 (class 0 OID 0)
-- Dependencies: 212
-- Name: products_id_seq; Type: SEQUENCE OWNED BY; Schema: public; Owner: postgres
--

ALTER SEQUENCE public.products_id_seq OWNED BY public.products.id;


--
-- TOC entry 209 (class 1259 OID 16406)
-- Name: purchases; Type: TABLE; Schema: public; Owner: postgres
--

CREATE TABLE public.purchases (
    customer_id integer,
    product_id integer,
    data date NOT NULL
);


ALTER TABLE public.purchases OWNER TO postgres;

--
-- TOC entry 3173 (class 2604 OID 16431)
-- Name: customers id; Type: DEFAULT; Schema: public; Owner: postgres
--

ALTER TABLE ONLY public.customers ALTER COLUMN id SET DEFAULT nextval('public.cusomers_id_seq'::regclass);


--
-- TOC entry 3174 (class 2604 OID 16439)
-- Name: products id; Type: DEFAULT; Schema: public; Owner: postgres
--

ALTER TABLE ONLY public.products ALTER COLUMN id SET DEFAULT nextval('public.products_id_seq'::regclass);


--
-- TOC entry 3322 (class 0 OID 16428)
-- Dependencies: 211
-- Data for Name: customers; Type: TABLE DATA; Schema: public; Owner: postgres
--

INSERT INTO public.customers (id, first_name, last_name) VALUES (1, 'Andrey              ', 'Guzanov             ');
INSERT INTO public.customers (id, first_name, last_name) VALUES (2, 'Natalya             ', 'Moiseenkova         ');
INSERT INTO public.customers (id, first_name, last_name) VALUES (3, 'Bogdan              ', 'Tihomirov           ');
INSERT INTO public.customers (id, first_name, last_name) VALUES (4, 'Dmitriy             ', 'Lebedev             ');
INSERT INTO public.customers (id, first_name, last_name) VALUES (5, 'Bill                ', 'Black               ');
INSERT INTO public.customers (id, first_name, last_name) VALUES (6, 'Andy                ', 'Mour                ');
INSERT INTO public.customers (id, first_name, last_name) VALUES (7, 'Anna                ', 'Yellow              ');


--
-- TOC entry 3324 (class 0 OID 16436)
-- Dependencies: 213
-- Data for Name: products; Type: TABLE DATA; Schema: public; Owner: postgres
--

INSERT INTO public.products (id, product_name, cost) VALUES (1, 'Apple               ', 86);
INSERT INTO public.products (id, product_name, cost) VALUES (3, 'Potatos             ', 32);
INSERT INTO public.products (id, product_name, cost) VALUES (4, 'Bananas             ', 110);
INSERT INTO public.products (id, product_name, cost) VALUES (6, 'Watermelon          ', 100);
INSERT INTO public.products (id, product_name, cost) VALUES (7, 'Chips               ', 95);
INSERT INTO public.products (id, product_name, cost) VALUES (8, 'Carrot              ', 42);
INSERT INTO public.products (id, product_name, cost) VALUES (9, 'Water               ', 25);
INSERT INTO public.products (id, product_name, cost) VALUES (5, 'Tomatoes            ', 80);


--
-- TOC entry 3320 (class 0 OID 16406)
-- Dependencies: 209
-- Data for Name: purchases; Type: TABLE DATA; Schema: public; Owner: postgres
--

INSERT INTO public.purchases (customer_id, product_id, data) VALUES (1, 1, '2022-04-27');
INSERT INTO public.purchases (customer_id, product_id, data) VALUES (1, 3, '2022-04-28');
INSERT INTO public.purchases (customer_id, product_id, data) VALUES (1, 1, '2022-04-28');
INSERT INTO public.purchases (customer_id, product_id, data) VALUES (1, 1, '2022-04-25');
INSERT INTO public.purchases (customer_id, product_id, data) VALUES (2, 4, '2022-04-25');
INSERT INTO public.purchases (customer_id, product_id, data) VALUES (2, 5, '2022-04-25');
INSERT INTO public.purchases (customer_id, product_id, data) VALUES (2, 5, '2022-04-25');
INSERT INTO public.purchases (customer_id, product_id, data) VALUES (3, 1, '2022-04-25');
INSERT INTO public.purchases (customer_id, product_id, data) VALUES (3, 3, '2022-04-23');
INSERT INTO public.purchases (customer_id, product_id, data) VALUES (3, 3, '2022-04-24');
INSERT INTO public.purchases (customer_id, product_id, data) VALUES (3, 4, '2022-04-25');
INSERT INTO public.purchases (customer_id, product_id, data) VALUES (3, 5, '2022-04-26');
INSERT INTO public.purchases (customer_id, product_id, data) VALUES (3, 3, '2022-04-27');
INSERT INTO public.purchases (customer_id, product_id, data) VALUES (4, 5, '2022-04-19');
INSERT INTO public.purchases (customer_id, product_id, data) VALUES (4, 5, '2022-04-22');
INSERT INTO public.purchases (customer_id, product_id, data) VALUES (4, 5, '2022-04-22');
INSERT INTO public.purchases (customer_id, product_id, data) VALUES (4, 5, '2022-04-24');
INSERT INTO public.purchases (customer_id, product_id, data) VALUES (4, 5, '2022-04-23');
INSERT INTO public.purchases (customer_id, product_id, data) VALUES (4, 5, '2022-04-25');
INSERT INTO public.purchases (customer_id, product_id, data) VALUES (5, 1, '2022-05-01');
INSERT INTO public.purchases (customer_id, product_id, data) VALUES (5, 5, '2022-04-28');
INSERT INTO public.purchases (customer_id, product_id, data) VALUES (5, 9, '2022-05-01');
INSERT INTO public.purchases (customer_id, product_id, data) VALUES (5, 7, '2022-05-02');
INSERT INTO public.purchases (customer_id, product_id, data) VALUES (5, 7, '2022-04-27');
INSERT INTO public.purchases (customer_id, product_id, data) VALUES (5, 4, '2022-04-27');
INSERT INTO public.purchases (customer_id, product_id, data) VALUES (6, 3, '2022-04-26');
INSERT INTO public.purchases (customer_id, product_id, data) VALUES (6, 3, '2022-04-27');
INSERT INTO public.purchases (customer_id, product_id, data) VALUES (6, 8, '2022-04-28');
INSERT INTO public.purchases (customer_id, product_id, data) VALUES (6, 4, '2022-04-28');
INSERT INTO public.purchases (customer_id, product_id, data) VALUES (6, 9, '2022-04-27');
INSERT INTO public.purchases (customer_id, product_id, data) VALUES (6, 9, '2022-04-29');
INSERT INTO public.purchases (customer_id, product_id, data) VALUES (6, 5, '2022-05-01');
INSERT INTO public.purchases (customer_id, product_id, data) VALUES (6, 6, '2022-04-02');
INSERT INTO public.purchases (customer_id, product_id, data) VALUES (6, 1, '2022-04-01');
INSERT INTO public.purchases (customer_id, product_id, data) VALUES (7, 1, '2022-05-01');
INSERT INTO public.purchases (customer_id, product_id, data) VALUES (7, 1, '2022-04-29');
INSERT INTO public.purchases (customer_id, product_id, data) VALUES (7, 5, '2022-04-29');
INSERT INTO public.purchases (customer_id, product_id, data) VALUES (7, 3, '2022-04-28');
INSERT INTO public.purchases (customer_id, product_id, data) VALUES (7, 3, '2022-05-01');
INSERT INTO public.purchases (customer_id, product_id, data) VALUES (7, 4, '2022-05-02');
INSERT INTO public.purchases (customer_id, product_id, data) VALUES (7, 6, '2022-05-02');


--
-- TOC entry 3332 (class 0 OID 0)
-- Dependencies: 210
-- Name: cusomers_id_seq; Type: SEQUENCE SET; Schema: public; Owner: postgres
--

SELECT pg_catalog.setval('public.cusomers_id_seq', 7, true);


--
-- TOC entry 3333 (class 0 OID 0)
-- Dependencies: 212
-- Name: products_id_seq; Type: SEQUENCE SET; Schema: public; Owner: postgres
--

SELECT pg_catalog.setval('public.products_id_seq', 9, true);


--
-- TOC entry 3176 (class 2606 OID 16433)
-- Name: customers cusomers_pkey; Type: CONSTRAINT; Schema: public; Owner: postgres
--

ALTER TABLE ONLY public.customers
    ADD CONSTRAINT cusomers_pkey PRIMARY KEY (id);


--
-- TOC entry 3178 (class 2606 OID 16441)
-- Name: products products_pkey; Type: CONSTRAINT; Schema: public; Owner: postgres
--

ALTER TABLE ONLY public.products
    ADD CONSTRAINT products_pkey PRIMARY KEY (id);


--
-- TOC entry 3179 (class 2606 OID 16442)
-- Name: purchases costomer_id_fk; Type: FK CONSTRAINT; Schema: public; Owner: postgres
--

ALTER TABLE ONLY public.purchases
    ADD CONSTRAINT costomer_id_fk FOREIGN KEY (customer_id) REFERENCES public.customers(id) NOT VALID;


--
-- TOC entry 3180 (class 2606 OID 16447)
-- Name: purchases product_id_fk; Type: FK CONSTRAINT; Schema: public; Owner: postgres
--

ALTER TABLE ONLY public.purchases
    ADD CONSTRAINT product_id_fk FOREIGN KEY (product_id) REFERENCES public.products(id) NOT VALID;


-- Completed on 2022-05-03 15:07:58

--
-- PostgreSQL database dump complete
--

